LCS,11
Navisworks,991
HLR,224
Agriculture,519
MS-DOS,660
Value Stream Mapping,14
SLC500,993
YUM,53
Sleepwear,398
HTML,923
Strategic Sourcing,234
UAG,773
VRTX,644
DNS Management,314
CTL,452
QSI,585
CPIM,828
SEO,225
VOD,712
Online Help,473
PKI,190
Jewelry,260
Music Education,931
IT Transformation,813
AC Nielsen,645
User Experience Design,806
Due Diligence,851
Ambulatory,49
Corporate Identity,224
vCenter Server,648
JDOM,120
QNXT,780
ICP,677
Engineering Management,540
Cultural Awareness,346
DSM-IV,772
Ionic Liquids,611
RDF,764
Equipment Repair,622
Multimedia,190
Small Boat Operations,713
Global Health,549
Acute Care,194
SQL PL,680
European Computer Driving Licence,272
BPO,322
SAP PS,914
Risk Management,938
XPS,464
Otology,134
Aeronautics,399
Cisco VoIP,185
EPC,233
Art History,206
Xserve,721
CBT,819
Long-term Care,107
GPIB,830
Art Direction,111
RBAC,795
Luxury Goods,752
JPAS,767
PKCS#11,23
LTE,275
Visual Arts,500
Tween,997
HTML5,381
IT Strategy,41
eBay,587
CFX,302
CVM,530
Jewish Education,708
Kaizen Leadership,830
Xcart,671
Legal Research,254
TDP,590
NSA,597
JNA,132
Prenuptial Agreements,790
DX200,290
Smartstream TLM,580
Audio Engineering,100
UE,859
Qt Creator,831
QAS,209
Swedish,418
Radiology,994
SAP MM,201
XCAL,423
Wwise,922
PyMEL,295
OAB,916
NSPS,218
Adult CPR,440
Hypermesh,792
Outplacement,664
DC Operations,285
Art Direction,281
TNCC,636
European Studies,825
Flight Safety,831
Social Media Marketing,677
SSL Duality,716
Board Certified,903
HVDC,510
XSI,36
Facebook,150
Eclipse RCP,414
Juvederm,468
CSS Sprites,973
Solid Oxide Fuel Cells,445
Dubbing,144
Eyelash Extensions,795
Lumion,588
GIS Application,590
Concept HDL,516
SAP PS,648
Storage,446
GNU Radio,432
SPC,753
IFS,371
Veterinary,375
NLP,657
APO SNP,901
Freight Forwarding,143
IoC,684
JCAHO,428
Market Knowledge,200
Windows Azure,106
Ventilation,364
Test Driven Development,923
BTL Activations,1
Wholesale,192
Continuous Improvement,856
iPhone Support,219
LPN,77
Attendance Management,576
FCAPS,797
Feature Films,405
Dell KACE,365
Mac &amp; PC platforms,968
Yardi Voyager,555
Health Psychology,699
Email Marketing,364
IP PBX,109
GXT,836
HLR,202
LUSAS,861
PostgreSQL,638
TSP,10
Sound FX Editing,163
Gym,983
Avaya Communication Manager,841
ILM,234
DV Cleared,626
SAP EWM,612
MRI Plus,740
PFP,754
XMLHTTP,484
Social Services,959
MySQL,679
Eyeliner,260
CSV,53
ILT,300
Short Films,905
OAS,92
EBPP,798
Research Ethics,550
eGRC,120
Equity Derivatives,241
Vulnerability,307
Credit Risk,814
Statistical Data Analysis,599
JSF,523
AMI,828
HSPD-12,719
CGL,213
LME,450
CBORD,200
Yarn,992
Small Business Lending,890
HF,955
Document Imaging,265
Epicor,540
PDS Frameworks,857
Dublin Core,470
MVC,375
VLR,134
Utility Systems,622
OAS,932
Product Life Cycle,660
DP,896
Generators,245
Yelp,218
Akamai,968
SSH Client,960
Flooring,886
GNMA,541
IT Infrastructure Management,666
Xcart,592
Construction,266
Sap Fm,195
DMZ,296
Xbox One,169
DDoS,247
Final Cut Pro,436
Women Owned Business,633
Koha,337
Petroleum Geology,188
Slide Shows,630
IPSec,362
Earth Science,777
CCDA,861
Student Affairs,247
Fund Accounting,666
PVST+,525
PFD,643
TMA,804
Part-Time CFO Services,775
OLEDB,757
BPMN,823
Algebra,383
Software Quality Assurance,570
Unreal Engine 3,854
CSA 2010,776
IDX,784
FGD,543
JavaScript,573
Payments,675
Social TV,607
KPI Dashboards,575
Export,260
SSOP,251
Overhaul,425
International Tax,298
Documentaries,190
Objection Handling,415
NSLDS,770
Compliance Oversight,252
Managed Care,535
Award Ceremonies,167
Weapons of Mass Destruction,594
Flights,252
Capacity Utilization,522
FSCM,406
GT-Power,563
CBEST,335
SRDF,225
Tumblr,762
Skin,459
VST,208
Interactive Whiteboard,839
Surveying,239
Applied Mathematics,769
AHWD,176
PwC TeamMate,654
Blender,755
Broadcast Television,264
ICP-OES,388
ERP Software,216
xPON,198
Snooker,444
DVCProHD,348
Fashion,702
CNOR,743
RNAi,840
BMC Patrol,285
Workplace Violence,685
YSlow,498
Geophysics,678
IEC 60601,735
iOS Development,821
Carrier Ethernet,412
Continuous Improvement,770
JPEG2000,218
Internet Banking,483
Receptionist Duties,877
Recognition Awards,478
SIP Trunking,808
VBA,784
HBSS,506
Cellular Communications,685
Cost Efficiency,176
International Logistics,256
JMS,373
Overtime,524
VxWorks,669
Go,728
Hiring,411
T-SQL,717
BSSAP,663
Yammer,222
Technical Illustration,685
Animal Husbandry,868
NCS,853
SRM,276
CCDP,296
Nanotechnology,626
XSS,698
SAP,194
Water Treatment,617
MPBN,723
Injection Molding,708
FDD,358
RF Systems,505
Prototype.js,305
Software Installation,212
NDDS,456
VAS,744
Gw Basic,424
MWS,591
Ecology,828
Tissue Culture,812
BS7799,676
Security Operations,733
Music Industry,202
WTT,576
SEM,235
LynxOS,412
Integration,534
Sports Play-by-play,199
RNA Biology,528
LAN Switching,330
Rhinoplasty,778
Sports Play-by-play,448
BDC programming,654
NCMR,385
Luxury Cruise,259
PLC,838
Politics,509
Xcode,712
Ion Chromatography,403
Core Java,473
XSLT,743
Personnel Management,782
Xing,879
Cell Biology,732
RBI,348
Lead Generation,748
Clerical Skills,430
MP2,851
Latin America,836
Cisco IOS,820
Character Animation,854
Commercial Property Owners,686
HQL,372
Quality System,810
RFQ,762
Agency MBS,271
VDA,710
OMT,517
Aeroelasticity,600
Radio Broadcasting,845
Military Justice,467
GMC,865
Vacation Homes,637
Objective-C,487
Autodesk Inventor,839
Freight,868
Analytics,768
SFIA,186
BFSI,568
HTRF,264
Corporate Communications,414
RMS,520
Windows XP,550
WS-I,795
Talent Booking,303
Unreal Editor,415
Linux System Administration,834
Team Management,673
GBA,754
RPM,712
IASO,587
MPEG,377
Site Planning,399
WAN,867
Management Due Diligence,425
DMX,392
Teeth Whitening,751
Water,192
IAR Embedded Workbench,189
Drupal,862
JMF,594
Karl Fisher,877
xCAT,773
Drilling Engineering,884
Bass Guitar,397
Wireless,386
Atomic Absorption,198
Multi-color Flow Cytometry,211
NCS,779
Zendesk,345
IOS-XR,278
HQL,346
Hydrogeology,838
HSQLDB,867
Git,834
SSBI,868
Slip &amp; Fall,354
KRAs,773
Aerospace,655
Hmong,307
Internal Controls,520
Offshore Oil,186
CT Summation,335
Xoops,873
SRAM,337
LTD,743
CMake,450
OC RDC,357
Storage,438
Sniffer,770
Sports,845
Class Actions,659
PPE,410
NPL,407
MSI,884
MSA,357
Zen Shiatsu,230
Outerwear,213
Financial Mgmt,499
Equities,842
Audio Editing,429
Trimble GPS,829
Private Events,573
PCP,328
RHIA,175
Up-selling,511
Agile Project Management,795
Tween,240
Aluminum,456
Powder X-ray Diffraction,403
Market Risk,487
RRP,751
DTD,587
International Relations,590
PIM-DM,837
Mobile TV,168
IR Spectroscopy,756
Game Development,882
Luxury Goods,766
ICP-OES,660
GPS Devices,396
Classical,539
eGRC,514
Toyota Production System,730
Linux System Administration,311
JavaScript Libraries,273
XML Schema,649
OTDR,217
Biochemistry,799
SVM,850
Substance Use Disorders,227
Test Automation,527
Systems Analysis,317
Qt,286
SAP MDM,855
Occupational Therapy,418
LDD,517
Small Business,342
SIP,614
JMF,290
Zachman,854
WDS,535
HSQLDB,366
Cellular Communications,554
Mac OS,887
Multi-color Flow Cytometry,194
RSVP,819
VBScript,170
MSP430,185
RSoft,713
Digital Signage,435
Early Childhood Education,638
Broadcast Television,599
FQL,440
Kayak,658
Sponsorship,520
Successful Business Owner,427
NCover,238
Contract Management,283
LAN Switching,700
IPO,703
DDE,417
TCR,185
Gym,472
Passionate about work,379
xCP,577
ILM,781
GDAL,228
ERISA,556
MQSI,291
CPAP,854
Music Videos,805
FCPA,335
Online Advertising,594
sFlow,203
PMO,888
Radiology,316
Business Alliances,199
Young Adult Literature,265
Photo Shoots,507
Credit Cards,463
iPhoto,593
Change Orders,297
Cash Flow,853
Rational XDE,236
Digital Strategy,177
At Multitasking,745
Zenoss,294
LWD,591
Injection Molding,700
CBRN,348
Real Estate,857
RF Scanners,186
DxDesigner,193
Rehabilitation Psychology,746
LSS,573
Jenark,798
Pre-opening,475
MyBatis,328
Book Illustration,810
eGaming,499
Security Audits,359
FDCPA,582
NAS,537
Sustainability,455
SDH,271
Youth Leadership,398
ESL,856
Pyrotechnics,633
EBSD,266
Sage ERP X3,620
Global Business Development,786
TNCC Instruction,565
OATS,588
Published Author,206
SRED,427
Trials,385
Testing Types,269
SSL,331
Sage 300 ERP,646
DG Sets,183
Special Effects Makeup,552
Telephone Skills,228
Waxing,239
WFO,420
Newsletters,222
OHS,288
Nikon DSLR,363
UART,300
FCE,635
OGC Gateway Reviews,293
BMC Remedy Ticketing System,441
AAR,437
Web Content Management,875
Strategic Alliances,627
Easytrieve,609
Medical Billing,457
RFP Generation,481
Corporate Governance,826
Zuken,519
ENOVIA LCA,712
Art History,819
Cluster,202
FDM,373
JP54,395
OData,585
CDO,597
Pharmaceutics,800
Vtiger,197
XMPie,429
HSR,211
Keynote,728
Waterfront,403
HP Procurve,444
McKesson STAR,730
VLR,851
IP,753
Cfengine,263
SVOD,546
RSView,420
GMPLS,739
OECD,856
Xing,344
Emergency Medicine,462
TCP/IP,237
Glasses,408
Financial Risk Management,333
FMA,635
Elementary Education,579
NX-OS,524
Singing,773
Italian,854
Rugby Union,613
Book Illustration,657
Test Planning,865
OH&amp;S,686
AFM,330
Visual Identity,556
Electrical Design,763
PMA,408
Awesomeness,712
iOS,634
Tortoise CVS,823
Investment Banking,735
Amazon EC2,353
Ocean,182
InfoComm CTS,240
PJM,752
Ocular Disease,299
Know-how,457
MX960,753
Avionics,661
UAT Coordination,446
Vocals,229
Floor Plans,378
HSUPA,486
PXI,396
Blended Learning,365
Fume FX,239
Ventilation,736
Fume FX,784
MSI,223
WCB,436
Piano,424
QSAR,830
MRO Management,702
Utility Billing,808
Team Building,277
CA Unicenter NSM,575
Federal Law Enforcement,852
Health Education,827
Green Building,866
Carrier Ethernet,297
Transitional Justice,221
IT Outsourcing,477
HSPD-12,724
WLL,246
Switchgear,687
Euphonium,281
Hazardous Materials,527
TCAS,420
Yoga,825
SSOP,714
IA32,790
Registered Nurses,328
RELAX NG,198
VSEO,582
SSL Certificates,266
NCover,201
Gas Chromatography,686
RDO,679
Chi Kung,517
ETL Tools,639
Event Photography,663
WSUS,415
User Experience,480
Job Search,219
Legislative Affairs,887
Employee Management,652
WebLogic,459
Medical Affairs,511
Window Displays,385
SSEP,419
Cisco Technologies,491
KDevelop,445
Occupational Therapists,377
Project Portfolio Management,474
Getting to Yes,250
Active TS/SCI Clearance,623
Record Keeping,566
Blogger,434
Rsync,443
Dysarthria,406
Yamaha M7CL,457
NHS,862
Computer Science,873
IS-IS,832
Business Strategy,439
SWIFT Payments,806
Rail,217
Microsoft Dynamics GP,388
Buyer Representation,679
Literature,591
DJ,542
Octave,377
UI Automation,680
Organizational Leadership,224
vShield,278
Protein Expression,515
LSL,322
DFX,676
Komodo Edit,672
Internet Yellow Pages,505
PK/PD,603
Top Secret,285
Supervisory Skills,684
IASO,509
JNA,762
VDSL,214
VB5,353
MPEG,220
Jin Shin Jyutsu,371
CMS,200
IVDD,235
eBanking,599
JTA,786
Db4o,801
Real Estate License,367
MTBF,659
LMS Test.Lab,399
OTN,455
Human Factors,689
AAP,404
Cisco IOS,450
International Shipping,791
Windows 7,743
JDE Enterprise One,207
Rhino,464
LCD,757
RCA,387
SMED,229
RMA,769
Social Services,429
TMX,981
Lyris,998
Constructive Feedback,976
Lubricants,963
Architectural Drawings,904
ISO 9000,953
ODM,960
Wellness,902
Japanese Language Proficiency Test,965
Manual Therapy,971
IGRP,916
MySpace,966
Wireless Networking,945
VAT,905
Urban Planning,920
GMC PrintNet T,950
SSCP,984
Entrepreneurship,906
Pharmacy Benefit Management,947
Affiliate Management,927
Loan Origination,986
DC-10,902
Executive Protection,923
Oncology,984
Quality Auditing,934
Pyrography,986
XDCAM,904
Aerospace,959
Short Films,927
Microsoft DNS,908
Architectural Drawings,996
Wine,995
Smart Cards,923
Microsoft Dynamics,968
Type Design,944
ePolicy Orchestrator,932
IPS,907
WCB,984
BGP,914
VLAN,935
IT Governance,997
CVA,973
zSeries,951
Blood Pressure,950
Urology,950
LVS,987
HD Camera Operation,998
Red Hat Linux,913
Brand Management,933
IIA Standards,975
Lutron,939
RF Scanners,905
Biology,903
Play-by-play,945
Xplan,948
Offshore Operations,926
Nutrition Education,978
Screening Resumes,915
Zend Server,903
WSAD,976
Guitar,992
High Net Worth Individuals,998
LVM,940
OLAP,942
DMEDI,983
Candidate Generation,925
EEOC,955
Btrieve,936
Numerical Analysis,959
PY,980
LGD,985
TFT,918
TTL,943
Entrust PKI,916
TVPaint,937
Broadcast Television,934
Organization Skills,978
Agarose Gel Electrophoresis,974
Pyramix,964
TFSA,988
Abstract Paintings,972
Published Author,900
JSON-RPC,963
BSF,936
European Union,994
RMIS,978
Traditional IRA,902
RQM,923
Quality Management,922
Ninja Skills,925
HDSL,946
Emergency Nursing,957
Microsoft Certified Professional,928
Wholesale Purchasing,928
DME,923
Pigments,964
Krav Maga,924
Financial Mgmt,938
Onboarding,905
ISO/TS 16949,997
UPS Systems,918
Lyophilization,953
NYMEX,991
GTK,976
Agribusiness,960
NDC,963
Yacht Charters,947
Engineering,905
SMTP,989
PKCS#11,932
Pharmacy Benefit Management,973
Public Administration,976
Fences,903
UF/DF,975
RTC,965
ODM management,957
Executive Coaching,905
Online Gaming,968
HDPE,988
Software Quality Assurance,981
Working Capital Management,943
FNMA,937
JBoss ESB,933
OTM,953
HRO,936
iHistorian,961
Epigenetics,969
TSP,958
NAS,906
PDE,937
RPAS,983
Mineral Exploration,81
Bank-owned Properties,21
Nios II,35
WPF Development,100
HS&amp;E,3
Network Architecture,61
IS-IS,93
ISO 13485,76
Nursing Education,30
Java RMI,43
Outsourcing,70
JMS,2
GMPLS,100
Sea Kayaking,53
WinForms,75
Offshore Oil,77
Dublin Core,12
Owners Representative,7
Visual Merchandising,75
National Security,73
Utility Industry,34
PIM-DM,82
DMX,19
PFS,93
Audio Editing,25
Avid,32
BMP,72
Broadcast,57
MCAD,52
Zen,8
Keynote,89
MDB,51
Water Treatment,72
Phase II ESA,83
Sustainable Design,64
Italian,45
BTE,95
MTT,2
Oilfield,87
IT Service Delivery,18
Award Submissions,100
Molecular Cloning,22
XML Spy,30
HCCP,76
Jigsaw,26
SDK,93
Small Business Marketing,91
PWE3,54
RPC,64
Emergency Management,62
Petrochemical,33
Cd,92
DXX,68
VSD,31
IT Service Delivery,59
Warehousing,88
Xpediter,27
Wireless,25
XDoclet,20
WTX,72
Be Your Own Boss,12
Claims Handling,17
Human Resources,43
LDAP Administration,44
VSS,78
SRAM,68
Type 2 Diabetes,38
Onshore,4
Lyrical,18
Stand-up Comedy,4
OMA,80
RDC,15
Move Up Buyers,26
Kurdish,100
Slip &amp; Fall,71
Eclipse,65
RF Design,34
AXI,70
RLU,85
RSA Ace Server,10
Technical Recruiting,43
Medical Devices,38
CMTS,16
TPA,9
Fine Art,39
CCIM,83
RF Scanners,12
JCO,64
AVEVA PDMS,27
Strategic Alliances,94
HMC,39
Electronic Payments,47
UK Immigration,93
TV series,50
HUD,77
Blue Ocean Strategy,50
Bands,41
ATG CSC,45
Utilization,99
MS Integration Services,42
Obstetrics,35
Airports,47
Shipbuilding,96
Site Development,59
Carrier Ethernet,14
Uzbek,40
MDRs,72
Hlookups,3
JVs,58
Occupational Therapy,63
Window Displays,72
EHR,17
Home Equity Loans,92
Private Piloting,28
ICU,25
OID,26
IT Hardware Support,25
Low Voltage,79
Typesetting,95
Ecology,34
IB,7
iPhoto,67
OLEDs,51
CSI,25
Knowledge Management,35
NSPS,57
IDS,77
JGrasp,60
DTT,5
Brand Development,27
Employee Relations,48
Waterfall,1
NSI,99
IPv6,35
WDS,19
AMSI,23
Tactics,3
LaTeX,32
mTAB,62
Occupational Medicine,37
CFDesign,45
AJAX Toolkit,2
IIA Standards,46
